Feature,Coef
loudness,0.09223103136102544
valence,0.037806360579882396
duration_min,0.032890539000628806
explicit,0.02655841984007541
mode,-0.0024444567957402526
acousticness,-0.008289366032724779
liveness,-0.027363331120485355
instrumentalness,-0.029611024090777698
key,-0.04001994301035434
tempo,-0.04998645170346262
speechiness,-0.055938879816611976
decade_idx,-0.08619616377089913
