Feature,Coef
artist_peak_popularity,0.1580546531798008
loudness,0.09909921298313423
explicit,0.023376063174457232
duration_min,0.021891678204453806
valence,0.018062765083523332
mode,-0.004358421404544155
liveness,-0.014987199918350734
acousticness,-0.017989520770319706
key,-0.027301728635176242
instrumentalness,-0.0326170067788166
speechiness,-0.06011926302410234
artist_popularity_api,-0.13680035189764642
decade_idx,-0.14930560287184966
artist_track_count,-0.19035977030739146
